category,Hue,Saturation,Value
field,24.898,237.5416,167.5973
field,26.4412,237.5152,163.8397
field,25.1815,244.5464,149.1627
field,24.7186,217.3647,160.9585
field,26.0577,245.575,184.587
field,26.2511,232.3349,190.5052
field,24.5298,238.3359,156.8286
field,26.2246,242.9931,199.5716
field,23.1896,249.1021,172.6888
field,26.3026,245.1842,191.1801
field,25.2495,228.4332,169.7206
field,25.2438,224.9249,166.5147
field,25.0527,248.3873,170.8783
field,26.8302,242.0837,171.7015
field,25.2509,250.7906,166.1926
field,26.1839,243.1247,198.6451
field,26.8173,249.9243,166.8614
field,24.5835,223.8805,180.046
field,25.2975,250.6167,157.4941
field,25.8458,227.0196,198.708
field,24.7015,247.3296,166.4471
field,25.8859,245.1563,186.2463
field,25.8906,228.1391,188.5508
field,26.0517,248.5155,186.3392
field,26.0536,239.6231,184.2918
field,25.692,233.3356,185.6349
field,24.631,217.3533,184.5589
field,21.3886,232.3919,158.729
field,23.6958,221.6603,150.6113
field,25.6961,241.9906,183.2364
field,25.5784,243.7388,184.8747
field,24.5748,235.7418,163.1321
field,25.3428,245.3183,169.8425
field,23.6507,247.2482,169.0578
field,26.2003,246.0261,198.6983
field,26.0677,246.8757,176.6963
field,26.1713,244.2913,187.0705
field,26.4493,248.0535,186.3577
field,24.203,213.2424,178.4934
field,26.1417,243.8979,179.859
field,26.9768,247.4134,175.4967
field,26.0453,250.351,171.6686
field,24.5696,216.617,170.4076
field,25.032,233.6308,149.6249
field,25.9315,239.0544,190.5742
field,22.6616,251.9959,169.9354
field,28.9972,234.8622,188.0797
field,23.2241,211.9942,142.9648
field,25.6837,227.5519,168.4873
field,26.9705,237.6853,189.0303
field,24.5025,246.0309,176.3636
field,24.5677,219.1257,164.179
field,25.5169,227.0644,164.4038
field,25.5385,239.3919,194.3483
field,27.2418,241.7775,175.2973
field,24.4973,242.4001,167.5075
field,25.5639,249.3334,184.4438
field,25.3006,245.3161,169.9344
field,40.3744,198.3963,142.1333
field,25.7415,241.3214,193.6509
field,25.7079,239.854,147.8333
field,29.0495,229.4707,179.6025
field,25.4712,250.5119,154.7759
field,25.0203,246.0466,167.7748
field,24.5582,208.3468,141.4933
field,27.868,225.0647,155.102
field,25.4203,251.6765,155.4288
field,25.0326,252.2714,172.9594
field,24.5268,226.8986,172.4748
field,24.7452,230.4743,162.2494
field,25.0488,203.534,142.5826
field,26.3947,251.2188,173.8706
field,25.5148,239.0504,177.6858
field,25.0119,245.0983,155.5587
field,25.8519,241.482,195.2428
field,23.0611,218.8222,152.1368
field,26.2179,232.9501,165.005
field,25.3198,241.1761,170.064
field,24.2719,232.4496,163.7735
field,26.1769,224.655,194.0987
field,26.4505,235.8173,178.6434
field,25.7501,233.1212,195.9712
field,25.5522,237.6593,191.3568
field,30.0255,215.6312,174.225
field,26.2247,249.1863,190.9379
field,26.5575,219.2276,158.4274
field,24.9631,250.5553,167.0487
field,28.2309,231.7071,180.8156
field,29.3502,200.7673,134.2711
field,25.6583,238.4644,186.952
field,26.1224,243.8982,182.0294
field,25.2835,196.4914,141.7154
field,25.5508,220.2423,164.1421
field,25.4059,247.2147,160.9056
field,25.7841,248.4214,177.8543
field,25.9544,238.6883,192.1098
field,25.6523,221.5841,193.4188
field,25.0619,247.6575,169.9245
field,24.8402,229.4037,145.1443
field,24.8997,242.6919,166.1695
field,27.1019,239.4239,165.5059
field,25.7616,245.6345,184.173
field,25.7758,222.8316,191.9334
field,24.7973,248.6767,175.7709
field,27.5244,236.8148,164.9279
field,25.7886,247.1025,190.587
field,25.5506,241.9598,170.0696
field,26.2111,231.2028,194.2723
field,23.3417,252.6956,171.8318
field,25.4184,248.6606,157.3266
field,25.4563,238.0633,178.4874
field,26.0093,232.8769,198.4809
field,26.2142,233.3607,197.2882
field,26.1148,246.0385,190.95
field,25.3283,237.3207,180.1141
field,24.5756,225.5339,179.332
field,24.1471,239.5779,165.386
field,23.8538,226.5743,149.695
field,26.3684,241.5763,186.8814
field,26.7243,240.809,187.6733
field,24.4881,244.823,135.4729
field,28.8178,244.5873,172.7302
field,26.474,229.758,184.126
field,25.2658,241.7895,158.6065
field,24.8881,220.9997,180.6927
field,24.7348,229.1802,160.5597
field,25.1048,247.5896,163.4859
field,23.1832,251.1691,177.7873
field,22.4103,230.4992,152.3233
field,25.0424,245.2851,165.6847
field,25.4413,251.0757,162.305
field,25.8103,232.1723,188.0545
field,25.7095,229.4809,195.5819
field,25.8798,235.4221,197.5288
field,25.2867,220.1485,166.5786
field,25.3606,240.4627,187.3297
field,25.6965,238.6625,158.3671
field,25.6959,232.1011,173.4357
field,25.1975,244.1402,170.3495
field,25.6285,239.0995,184.0293
field,25.7561,248.9962,186.3563
field,28.7658,236.5948,171.8217
field,26.7124,247.9243,169.9489
field,24.9642,247.8887,174.3807
field,23.9738,217.3652,141.7921
field,24.7298,249.0519,168.9948
field,26.0304,248.6746,180.2883
field,24.8242,251.1695,170.1215
field,26.259,227.4426,198.4
field,25.9692,239.1465,192.6802
field,24.7006,214.8766,172.6576
field,26.6771,240.9391,182.7208
field,24.6564,242.7628,166.4846
field,24.6916,250.206,149.7877
field,27.7583,224.9201,152.8798
field,26.3703,234.5835,185.4943
field,23.8543,229.7084,153.0921
field,31.1996,226.4586,143.6789
field,24.935,216.8385,166.4761
field,25.1161,251.0801,169.1206
field,25.7646,244.1053,170.8091
field,25.8834,229.8209,162.0469
field,27.271,235.0263,188.1062
field,25.1369,250.223,160.5571
field,26.4826,239.8567,171.6989
field,25.5339,236.7133,194.8496
field,26.4674,234.7018,180.7278
field,26.1132,226.7332,193.6468
field,23.6602,229.7618,142.9645
field,26.0335,242.3777,154.2206
field,24.6568,228.3013,170.851
field,25.888,241.3859,170.7994
field,25.5791,245.7949,174.3969
field,25.8336,245.8345,172.0962
field,25.0867,250.9911,166.7345
field,23.8023,227.3644,143.2721
field,27.8233,219.6656,153.579
field,26.3134,227.4257,185.8495
field,23.4788,225.7409,143.4613
field,25.3913,242.8212,171.892
field,26.9405,244.7804,178.583
field,25.3304,250.6568,156.2446
field,30.114,213.7375,130.5125
field,26.9212,223.851,158.8633
field,25.229,249.5884,160.131
field,25.5291,241.7411,170.1281
field,26.0061,233.7383,164.4935
field,26.0097,233.293,187.2251
field,25.458,250.4833,163.3135
field,26.3593,243.3979,184.3724
field,24.9166,245.6321,169.3439
field,24.857,249.6959,173.6059
field,26.1098,233.831,196.3768
field,25.7635,235.35,194.5134
field,25.525,237.6372,157.811
field,25.6625,220.0195,193.7912
field,25.5068,240.8438,164.3016
field,27.325,232.1861,192.4433
field,23.8194,229.3379,142.3573
field,25.4479,238.7608,160.7622
field,26.2945,237.7745,188.929
field,23.5846,225.9297,149.4166
field,23.6124,224.276,140.785
field,26.0637,247.6907,152.9807
field,33.5446,213.5598,135.1347
field,27.2985,229.0445,153.6732
field,25.3938,248.8321,171.3405
field,25.5194,248.0154,168.2771
field,27.7695,238.1335,184.2952
field,25.5269,247.3469,166.7738
field,26.9047,235.8683,179.5177
field,25.7234,249.0774,187.4595
field,24.6829,245.3907,166.3696
field,25.012,246.8725,175.978
field,25.5636,237.684,177.5724
field,25.9261,240.5771,157.1373
field,24.8972,251.4346,166.6239
field,26.3617,243.5611,200.0144
field,26.1206,244.8975,198.635
field,25.5968,248.8034,164.6058
field,26.6507,249.3702,169.4035
field,24.7584,217.8804,169.4401
field,25.9155,242.2923,200.6415
field,24.5339,230.8491,163.9373
field,26.62,250.7346,171.2177
field,25.9959,229.3665,199.445
field,25.0215,252.4836,169.6437
field,29.1287,239.9946,155.4556
field,26.2778,239.1339,182.0816
field,25.7633,238.5097,153.8707
field,24.3592,221.8039,152.42
field,24.6865,232.7202,156.6102
field,26.2305,243.36,189.684
field,24.1975,230.4485,165.4358
field,26.7762,228.5442,179.0752
field,23.4603,209.0426,143.6223
field,24.0366,233.0469,156.5805
field,24.4921,222.0149,153.1659
field,24.3688,249.4794,174.8558
field,26.2128,252.1913,171.3473
field,24.895,232.6368,152.2139
field,26.2521,246.9018,174.2723
field,26.1835,240.8215,195.0876
field,24.3664,215.3149,179.6544
field,26.5127,233.0516,194.7217
field,24.9322,233.8066,159.0276
field,22.8937,231.6156,156.1925
field,23.5374,221.1403,152.56
field,25.5945,238.1438,178.4131
field,24.7609,232.2614,163.1627
field,27.1616,235.4015,193.8561
field,25.1015,248.171,162.9187
field,24.8267,238.1831,168.9608
field,26.2797,235.7919,181.9135
field,25.1486,247.6177,159.4789
field,26.1482,245.5327,154.5259
field,26.0981,238.8646,187.4217
field,26.5558,219.563,170.7659
field,24.8638,251.0464,165.5102
field,25.2408,251.9191,159.8049
field,25.0279,241.0364,171.2719
field,24.8575,238.8804,187.5422
field,26.4207,241.3772,189.7155
field,25.8765,227.8001,195.756
field,23.4076,248.6194,189.4235
field,25.04,250.0824,165.3346
field,22.8095,248.1679,191.9933
field,26.3415,236.2014,188.9141
field,25.883,245.3595,161.8532
field,23.4543,226.8037,139.066
field,25.3752,250.0781,154.5263
field,25.779,246.6903,182.1292
field,25.9152,247.4267,187.6013
field,24.5819,242.5045,166.8052
field,25.8833,241.0118,178.9549
field,25.7292,244.4083,188.341
field,26.0191,241.5428,184.6251
field,26.0558,232.489,164.7877
field,24.7609,230.0303,143.9958
field,30.143,234.2456,119.3991
field,25.0942,240.7137,169.9981
field,24.1647,232.0123,137.1076
field,23.5272,249.4353,188.7975
field,25.6469,248.2862,158.3018
field,25.1865,243.9241,167.8543
field,21.5334,233.9839,171.0575
field,25.5087,222.4696,174.7609
field,25.8075,245.5252,183.2396
field,26.5714,242.1476,187.3877
field,24.7891,238.4697,160.2766
field,26.3607,230.2641,185.8976
field,25.3642,248.1386,156.7387
field,24.2207,248.8753,186.0682
field,25.0626,249.6761,154.6342
field,25.9095,245.7122,172.4231
field,24.6252,215.4408,182.1817
field,26.097,224.6637,161.642
field,25.9998,238.9224,166.1194
field,25.076,225.1473,143.5304
field,24.6616,249.2564,154.1681
field,24.2581,247.256,150.8409
field,27.5005,232.2236,167.2346
field,29.8576,216.34,156.4919
field,27.0884,227.3161,191.4024
field,24.8992,248.4181,174.8019
field,25.4829,246.0336,173.7863
field,25.9533,242.0833,190.431
field,27.4292,238.0407,167.1191
field,25.7237,229.0259,196.8897
field,26.6002,224.8469,165.2744
field,25.9639,230.0498,198.6159
field,25.0854,248.8965,170.2859
field,26.9527,247.2277,175.6621
field,22.9894,230.4402,156.5315
field,25.6188,245.8638,181.5583
field,24.4932,240.4133,164.2454
field,25.9963,244.7613,188.1364
field,25.4166,240.9098,177.5316
field,24.7119,226.3314,169.2371
field,25.1216,249.15,169.8765
field,24.8938,217.6859,179.1949
field,23.5443,232.1744,158.2827
field,24.268,248.2529,174.66
field,29.7482,243.9971,174.8209
field,25.359,249.1896,172.6552
field,29.8723,231.2859,182.6213
field,26.5127,237.0856,152.2931
field,25.6196,244.4473,191.3378
field,25.6052,223.3764,188.8926
field,29.5691,229.4122,195.8043
field,25.3162,238.6413,164.586
field,26.5898,234.4054,187.4596
field,25.2779,224.9581,166.8901
field,23.8588,225.5632,150.351
field,24.6982,207.007,154.7862
field,24.8967,223.8187,140.9694
field,26.1344,226.3068,163.5306
field,25.8503,245.416,192.4494
field,26.7016,238.2053,169.5491
field,25.7265,231.1978,170.7478
field,26.1005,238.9976,153.6865
field,24.05,227.8855,152.3554
field,25.3605,227.7565,168.6058
field,26.9528,231.8488,191.258
field,25.8996,241.6545,179.4707
field,20.958,230.6151,139.861
field,25.9563,232.3926,195.1161
field,24.4445,242.5146,162.5845
field,25.6823,218.9362,179.3543
field,26.2938,239.732,189.4418
field,26.3647,227.4676,188.9454
field,26.8521,231.8148,160.5633
field,26.1154,246.5528,151.3198
field,26.8324,233.5189,170.6886
field,25.681,246.5357,178.0832
field,25.1168,239.8363,169.576
field,26.0055,236.0548,192.6849
field,24.7705,249.9525,164.4029
field,25.0153,243.5826,170.2956
field,25.9313,241.66,188.3079
field,27.3938,234.4455,158.0331
field,25.6206,248.2798,188.0325
field,28.8058,230.8498,190.9356
field,27.6848,225.7383,172.9653
field,26.4678,236.3402,158.3981
field,24.077,225.294,133.796
field,25.3934,250.4793,146.6407
field,26.1205,236.802,198.2119
field,26.2693,247.3221,187.2619
field,25.7284,221.391,194.7561
field,24.8925,249.3309,168.0841
forest,46.2979,99.0873,55.7372
forest,43.1501,145.6667,49.446
forest,45.3625,145.1127,48.9178
forest,45.3427,107.2358,76.3226
forest,46.3111,154.8197,52.5444
forest,43.9895,142.5313,41.6547
forest,52.1808,120.8263,47.7683
forest,40.9983,148.0999,54.7005
forest,38.142,187.0713,52.0058
forest,56.2456,98.793,48.6909
forest,44.7304,152.5926,45.8378
forest,44.2007,95.1108,51.0296
forest,34.2824,165.7762,68.4674
forest,47.5839,85.5424,51.9645
forest,43.0294,167.6022,62.8192
forest,48.1515,94.884,55.9793
forest,36.6084,146.7988,58.9886
forest,36.6571,167.6992,61.5313
forest,47.0019,153.7287,50.328
forest,43.6147,160.4511,51.9002
forest,44.9333,181.549,62.5908
forest,43.1818,120.0572,69.948
forest,48.3973,110.2085,42.9732
forest,45.5292,182.7043,54.4467
forest,45.0693,143.7506,47.4879
forest,49.0214,133.8705,49.4577
forest,34.868,154.2066,67.6012
forest,53.9603,102.7261,44.255
forest,37.5685,156.2012,68.5679
forest,45.1864,161.1528,66.1181
forest,45.5426,177.7642,60.9046
forest,39.1435,112.6216,74.8062
forest,47.1045,155.2019,42.8052
forest,43.9341,160.0683,47.6647
forest,43.0334,188.7657,67.9199
forest,45.5663,158.7018,44.437
forest,50.2385,97.0372,50.9594
forest,47.7994,106.4521,40.5085
forest,42.4777,159.7982,65.4592
forest,35.1149,142.8813,70.0587
forest,42.1008,130.9619,67.3185
forest,56.3117,89.9339,38.0164
forest,44.8048,142.1843,62.1494
forest,60.569,82.0621,49.9173
forest,43.046,89.9227,51.5692
forest,35.9473,146.7351,61.0251
forest,42.2859,154.4486,65.2645
forest,43.441,144.1307,50.1463
forest,36.1586,176.0778,53.0315
forest,43.8663,168.7915,62.2148
forest,42.629,200.5034,55.6466
forest,49.0325,137.5421,39.1879
forest,44.8033,192.7522,53.1771
forest,40.8987,161.1901,42.4657
forest,42.561,147.4531,48.2731
forest,43.6853,150.7769,63.7279
forest,45.9198,123.1781,42.2385
forest,43.7411,186.5008,57.6915
forest,44.4531,159.8195,63.2256
forest,42.7354,174.8728,67.2712
forest,34.7678,149.8025,74.2194
forest,44.3776,162.6732,54.7875
forest,38.8838,145.3669,55.5883
forest,46.3273,158.5054,55.2598
forest,48.1779,100.3716,68.259
forest,52.2288,122.1198,40.6767
forest,41.9679,170.265,63.6497
forest,39.4252,116.6939,75.1979
forest,44.1064,172.0084,38.6234
forest,46.027,147.9295,45.0664
forest,42.7724,180.15,53.7936
forest,36.5725,158.8615,70.603
forest,40.5097,132.1125,45.2144
forest,35.7366,145.4263,69.8977
forest,37.281,145.2327,50.906
forest,47.6672,123.3671,43.2281
forest,42.8954,151.4898,45.8882
forest,41.5829,135.7952,67.3775
forest,43.6752,152.9066,61.6782
forest,48.2058,109.8855,36.7858
forest,35.7295,153.8313,75.0239
forest,39.7343,141.1377,60.6192
forest,44.1514,159.9071,55.1374
forest,44.6948,153.0174,44.7283
forest,43.0042,143.4739,43.3785
forest,36.2478,148.8237,51.7894
forest,45.8511,151.935,50.5648
forest,41.9323,163.0972,62.141
forest,53.0116,108.8842,40.6702
forest,42.4547,172.7359,60.6874
forest,43.7993,150.7498,63.1776
forest,39.5271,134.1395,52.0228
forest,29.3657,185.5755,48.5151
forest,37.9167,212.2376,41.1274
forest,48.995,124.1124,52.2897
forest,57.6399,87.7958,39.0298
forest,43.8574,120.8588,60.9059
forest,44.8309,160.4155,61.8739
forest,39.3514,166.6207,48.9811
forest,38.256,147.6496,44.9495
forest,37.8754,140.8887,56.0564
forest,58.0641,64.4392,55.5595
forest,44.2021,176.1218,71.633
forest,35.4565,181.3305,59.4874
forest,50.301,104.8948,48.3861
forest,45.2436,109.5755,76.9556
forest,38.9089,171.6773,52.7496
forest,42.0923,111.7081,46.6236
forest,45.0536,131.5804,44.7417
forest,29.2682,168.6749,50.7738
forest,41.679,195.226,59.1153
forest,34.4533,163.5602,78.434
forest,42.4186,147.9325,66.117
forest,60.9712,97.5487,49.7784
forest,36.1285,155.9697,68.7333
forest,44.2036,165.1867,38.2416
forest,41.2377,188.8557,59.3272
forest,40.8728,178.7259,71.5853
forest,42.8798,169.9173,69.0945
forest,36.8369,179.5227,70.8832
forest,42.3324,155.5586,46.9026
forest,30.0162,166.0327,54.475
forest,52.1289,106.1573,51.069
forest,45.5458,145.2366,51.3
forest,31.9323,188.7023,83.7658
forest,43.0581,119.4375,70.0183
forest,36.0665,168.9188,67.866
forest,40.3872,152.845,58.5721
forest,45.8653,137.7729,57.7716
forest,61.4561,87.5046,53.8215
forest,47.3379,135.7259,52.3147
forest,38.0392,172.6876,44.64
forest,42.8833,151.6581,46.6809
forest,45.1342,138.4649,40.2944
forest,40.8595,189.3428,59.3876
forest,55.808,98.3124,48.4718
forest,42.7748,158.0927,46.5812
forest,42.5714,168.8345,66.2567
forest,42.6973,152.0681,48.0126
forest,48.3949,131.8529,41.1609
forest,58.4018,97.7229,45.3176
forest,45.793,119.9446,44.7018
forest,43.5098,164.1601,47.0898
forest,41.9767,165.5968,53.6389
forest,56.7252,93.9886,43.1922
forest,34.4967,168.6178,62.605
forest,48.149,141.1246,59.8126
forest,47.7374,87.2578,59.5861
forest,42.4921,159.4767,69.8311
forest,47.2065,151.7164,39.2397
forest,36.0123,193.0579,65.7035
forest,46.6315,160.7296,56.8426
forest,41.7188,117.2884,51.9989
forest,41.5472,192.7524,70.5433
forest,70.5886,87.0544,55.6971
forest,37.1692,160.5843,28.8309
forest,37.4405,140.2086,81.9768
forest,51.4831,113.3979,56.7834
forest,33.948,157.8631,61.1313
forest,47.9907,124.2196,48.2024
forest,41.5085,154.8991,47.7375
forest,38.0106,149.155,52.333
forest,45.8745,158.3389,60.2607
forest,45.9646,138.6896,42.2588
forest,45.2074,149.805,43.1671
forest,43.1287,145.1612,48.2379
forest,45.5395,176.0466,52.7382
forest,50.4089,105.6927,43.4693
forest,37.9861,185.2706,44.3508
forest,40.7097,163.8197,52.5987
forest,50.6232,130.6933,44.0058
forest,48.2895,126.9928,55.5989
forest,43.8401,172.3283,62.5497
forest,41.3035,194.3117,53.6427
forest,45.145,157.1384,71.1132
forest,62.1053,102.3581,53.2616
forest,37.6206,112.3864,53.5461
forest,35.5089,159.2485,28.9902
forest,45.8039,162.891,50.7721
forest,43.3425,191.084,58.1874
forest,45.4311,130.5161,73.8288
forest,43.0395,163.3473,67.4386
forest,50.878,128.4426,54.9313
forest,38.1635,162.1914,52.4946
forest,42.7109,121.38,59.9123
forest,35.7665,170.5052,69.1565
forest,35.1978,160.5417,59.4214
forest,36.8997,167.1367,54.5537
forest,61.0016,90.4341,40.5973
forest,35.704,190.7455,49.7341
forest,57.2026,88.7458,40.0378
forest,46.0473,145.8992,58.1289
forest,35.0668,149.2638,64.1037
forest,44.9,134.8222,40.5808
forest,44.7081,139.5865,67.8582
forest,45.5537,132.2098,70.4978
forest,45.1611,151.231,63.965
forest,40.7417,137.4039,48.0505
forest,46.8067,150.5499,44.6691
forest,44.0091,148.8417,69.086
forest,45.7741,121.6771,41.9811
forest,34.5337,145.7953,86.8916
forest,44.7231,178.8231,63.1622
forest,46.7921,154.896,45.2761
forest,54.8224,73.9994,59.6216
forest,48.3144,163.6581,50.3205
forest,47.5766,134.152,41.5498
forest,47.4711,102.4361,70.8474
forest,47.6785,187.5851,65.5481
forest,43.9773,164.3498,66.6463
forest,37.1951,142.6708,75.9568
forest,45.6516,151.0644,51.9062
forest,71.1623,82.5893,52.6248
forest,42.0183,184.1352,68.3074
forest,41.763,98.7031,51.3786
forest,35.1508,153.5165,75.2491
forest,43.7466,154.1273,58.6641
forest,42.3534,158.9886,66.2063
forest,42.3761,149.2911,48.8199
forest,52.9001,100.9722,41.3163
forest,37.4374,156.3807,68.1375
forest,33.6027,152.4082,60.8709
forest,48.1203,146.2091,40.138
forest,44.5729,186.3651,51.0975
forest,35.5717,184.607,61.7714
forest,44.6265,151.6586,47.0807
forest,34.5076,166.933,35.881
forest,46.152,148.9205,57.0375
forest,51.3247,96.0229,38.705
forest,33.8575,156.677,58.5279
forest,42.7231,153.9999,66.4817
forest,51.7564,100.0673,40.1114
forest,41.505,153.3706,50.1421
forest,40.3991,136.5376,59.4445
forest,59.734,117.8263,47.7736
forest,37.9847,144.2304,57.0807
forest,44.2746,158.5487,60.7898
forest,42.362,155.0797,52.3834
forest,43.2565,180.8884,46.5734
forest,34.4466,148.7703,85.3995
forest,44.2081,133.8638,50.6141
forest,36.0824,159.8385,75.6803
forest,54.47,95.347,44.3082
forest,45.3072,163.2,39.6372
forest,40.9909,190.98,59.2113
forest,48.6457,117.3088,43.964
forest,44.9355,153.4872,45.1187
forest,40.269,200.5411,62.6618
forest,36.7374,184.3938,71.9142
forest,37.7186,158.8382,52.705
forest,37.1104,148.116,58.3045
forest,47.582,126.7121,47.6402
forest,38.2893,153.2216,74.1696
forest,33.3611,174.6899,73.1306
forest,55.622,115.96,45.5475
forest,59.1333,85.0582,41.2403
forest,34.5952,167.8837,69.8618
forest,58.661,93.3584,40.7565
forest,55.8808,99.1978,56.4185
forest,39.93,125.2535,60.704
forest,35.2852,159.133,71.4795
forest,38.9314,142.4637,41.0104
forest,44.5041,160.0734,66.3122
forest,44.2961,149.842,69.9283
forest,54.5886,99.6555,46.7402
forest,53.2955,118.6408,40.813
forest,49.7337,130.0195,53.0245
forest,43.3193,156.0501,46.8743
forest,42.7471,164.8185,57.4317
forest,40.881,165.5253,51.6383
forest,43.8807,159.132,57.4033
forest,42.3025,167.5801,64.9896
forest,53.0858,128.7244,46.514
forest,45.0976,147.7906,54.9265
forest,36.7123,178.7433,28.5967
forest,36.0767,153.6018,53.2387
forest,39.7392,195.5895,65.9426
forest,30.4355,178.8686,59.8947
forest,44.9977,163.7297,39.6278
forest,41.6723,171.187,62.9774
forest,43.2642,132.8594,41.5859
forest,56.2933,146.5036,50.8129
forest,46.3444,136.4474,61.0356
forest,37.7698,164.8534,48.6427
forest,41.126,183.1551,69.5618
forest,40.1615,121.1595,52.4294
forest,41.8202,109.6977,51.982
forest,34.4575,166.021,79.2924
forest,38.1525,163.0999,49.8451
forest,43.1517,129.4403,38.7486
forest,50.0959,109.4316,63.4244
forest,43.9731,174.1026,43.5945
forest,27.8865,196.4594,70.1122
forest,37.8709,143.2869,78.6829
forest,41.0609,133.2306,46.1538
forest,45.5187,157.7825,61.862
forest,43.1437,137.8651,45.8187
forest,47.411,122.438,42.0725
forest,42.5178,155.8802,47.2561
forest,47.639,140.168,45.2897
forest,46.4187,135.9901,42.5973
forest,52.5161,103.0673,42.1657
forest,41.8021,169.0167,47.4774
forest,57.906,89.1927,41.7638
forest,54.7674,100.3065,46.023
forest,37.5228,185.2699,49.1912
forest,48.4674,122.6678,57.0387
forest,43.1648,174.6068,67.8772
forest,45.5548,137.0707,60.3251
forest,67.6159,85.2057,50.9404
forest,43.3819,170.648,64.7204
forest,49.9891,121.8815,57.8686
forest,36.6098,178.2946,59.143
forest,51.0526,112.7704,39.8327
forest,45.736,127.8903,47.632
forest,39.7817,185.9577,71.1169
forest,46.6823,146.2535,44.7931
forest,44.542,148.3956,46.0453
forest,43.8383,145.4511,48.2898
grassland,44.8364,197.967,140.0465
grassland,44.2421,181.7339,153.4753
grassland,44.5277,198.4672,108.4878
grassland,36.3642,236.2136,107.1018
grassland,41.5906,193.0166,151.1209
grassland,38.2527,227.6884,106.5136
grassland,41.3378,192.81,151.7121
grassland,32.0258,198.2123,143.2079
grassland,41.3456,220.1924,120.9484
grassland,45.04,197.9502,95.625
grassland,41.175,202.3853,146.196
grassland,44.0413,196.6156,150.1642
grassland,38.6179,191.858,110.0481
grassland,40.772,213.0401,156.8031
grassland,43.3704,202.0811,151.0329
grassland,36.4822,214.7101,110.0094
grassland,44.5864,187.6061,118.0639
grassland,39.1765,194.9307,158.6752
grassland,35.8543,195.7713,131.221
grassland,42.4772,201.1016,156.2983
grassland,44.2296,214.4445,108.9331
grassland,44.7335,195.2813,106.2188
grassland,32.9622,187.1521,133.8503
grassland,42.5755,218.6636,114.2138
grassland,42.513,207.7759,150.8302
grassland,43.6734,217.4139,112.0291
grassland,29.1513,212.4782,96.5505
grassland,34.5314,201.3385,135.1271
grassland,39.7351,215.7432,107.858
grassland,35.5975,210.4231,128.7726
grassland,39.0029,223.331,97.4374
grassland,40.0462,211.8474,125.5376
grassland,40.8554,199.698,151.0532
grassland,39.0807,228.6075,108.0122
grassland,40.6219,209.1418,154.0457
grassland,44.9097,219.5127,102.3928
grassland,42.6696,206.4026,116.6809
grassland,40.3225,195.7656,156.3685
grassland,33.3968,172.9737,145.5188
grassland,42.0373,224.0165,85.949
grassland,31.9009,169.7477,101.8804
grassland,43.955,205.9899,137.1954
grassland,42.6358,198.4981,157.7058
grassland,40.4241,207.312,124.9131
grassland,32.5893,193.9518,143.5088
grassland,39.3559,219.9983,141.6698
grassland,31.9257,202.0506,135.9755
grassland,34.7326,218.6018,95.5909
grassland,30.8148,178.1696,93.497
grassland,34.6859,215.459,132.4562
grassland,38.6729,225.6103,121.0867
grassland,39.8872,190.6477,134.8181
grassland,48.5884,161.9431,93.3124
grassland,34.2946,215.5791,102.7335
grassland,43.8697,191.9156,144.2061
grassland,42.8271,196.4966,151.4458
grassland,40.5796,223.4066,133.902
grassland,43.5635,188.9934,111.6686
grassland,40.9778,210.9264,144.1913
grassland,42.6339,217.3498,112.89
grassland,42.2036,215.1144,119.665
grassland,44.4231,187.6431,119.2501
grassland,47.6424,203.6479,97.1442
grassland,40.5815,204.5451,119.9225
grassland,41.7854,209.4491,108.5534
grassland,42.5147,225.5744,142.033
grassland,38.8509,216.2937,110.5408
grassland,41.1471,224.5064,143.4237
grassland,45.027,209.2207,148.1694
grassland,44.7888,206.3045,84.3634
grassland,33.3065,193.5869,136.2501
grassland,36.0356,187.4576,86.0
grassland,43.9137,185.7133,152.7912
grassland,35.0722,184.2978,95.6844
grassland,42.6716,200.8063,157.6746
grassland,50.9094,144.6167,110.4755
grassland,36.6986,238.2435,101.5396
grassland,40.9473,212.6568,159.0166
grassland,45.878,175.7153,119.1304
grassland,39.2402,186.8197,139.0772
grassland,37.2251,210.2938,110.3278
grassland,44.4043,190.6769,111.771
grassland,31.5242,210.2507,101.9289
grassland,39.3802,199.9182,155.6065
grassland,35.0927,213.8878,101.5522
grassland,43.648,188.8744,147.6099
grassland,43.0304,193.0436,149.8691
grassland,46.6755,160.3225,111.2565
grassland,31.9873,181.336,110.2379
grassland,32.4253,191.8898,135.7822
grassland,38.8177,200.2282,122.1822
grassland,40.9142,211.0302,152.3713
grassland,45.2224,184.4042,95.3307
grassland,36.2486,196.1127,90.9712
grassland,41.2445,196.5823,147.782
grassland,37.3924,199.9182,97.2442
grassland,42.4147,199.4381,145.9389
grassland,39.0462,233.0764,120.1618
grassland,31.4868,212.1696,100.8816
grassland,43.3379,215.1593,133.6205
grassland,46.7832,215.4083,141.9087
grassland,37.2201,187.3585,78.0621
grassland,43.8442,191.7995,150.5601
grassland,43.2792,210.4179,146.4579
grassland,38.7047,192.5009,155.549
grassland,42.2406,225.6406,116.0725
grassland,43.449,205.2513,110.0384
grassland,31.4881,180.5107,111.7076
grassland,37.4419,173.281,118.8485
grassland,43.1884,194.8214,142.0764
grassland,43.7544,191.2341,153.0449
grassland,34.1093,206.8639,135.9993
grassland,42.3214,211.2359,144.81
grassland,39.5853,220.9299,118.7821
grassland,42.4302,189.2395,154.6845
grassland,34.1238,221.4421,79.9802
grassland,32.5098,225.5071,129.8039
grassland,33.7695,201.5155,126.7838
grassland,34.582,200.604,123.546
grassland,41.8935,216.0432,145.8581
grassland,43.6883,189.5787,136.5645
grassland,38.7566,226.247,143.0975
grassland,41.3386,212.6464,136.2555
grassland,43.277,217.9319,85.2445
grassland,42.9836,195.9305,156.7013
grassland,41.2939,198.7199,111.3543
grassland,45.1538,201.0965,83.8693
grassland,43.8867,207.4308,155.5844
grassland,41.0676,219.4254,122.5532
grassland,36.6222,193.2069,131.3869
grassland,39.1228,218.6915,128.3852
grassland,44.6725,203.6114,103.8597
grassland,41.4117,210.7728,106.1912
grassland,39.9537,188.1086,157.1193
grassland,40.6379,194.5991,157.8901
grassland,42.1327,216.4714,144.8849
grassland,44.023,185.1158,132.2598
grassland,45.2548,183.9879,127.7538
grassland,42.5775,201.392,157.2581
grassland,39.8921,222.5099,135.5844
grassland,40.2836,200.5823,157.5437
grassland,47.8328,175.9492,133.8846
grassland,36.4777,148.2623,108.8379
grassland,45.5084,200.5858,126.322
grassland,42.4696,201.9859,154.8395
grassland,49.3145,162.7604,85.8003
grassland,30.5795,182.085,94.2528
grassland,34.3029,212.4976,140.264
grassland,34.5726,173.2232,145.988
grassland,38.3242,226.1135,123.4891
grassland,40.5768,209.8795,126.8472
grassland,32.1497,196.813,141.1088
grassland,43.8404,205.9361,147.6805
grassland,32.2424,196.7525,144.3599
grassland,39.4256,207.2514,125.3549
grassland,39.1991,215.7359,149.4283
grassland,35.2578,216.3893,88.1685
grassland,42.7631,205.1584,132.0625
grassland,35.8248,188.7374,75.3475
grassland,42.3962,224.6448,144.4186
grassland,46.5282,184.3665,126.2384
grassland,44.7579,208.2192,150.2215
grassland,42.1502,209.148,126.5389
grassland,42.7542,205.9003,126.4817
grassland,42.027,201.6556,124.5492
grassland,41.0571,208.2707,152.7357
grassland,34.7143,214.931,103.8343
grassland,38.6433,219.1473,127.0758
grassland,42.5617,207.4817,108.6654
grassland,37.8795,233.9017,125.6842
grassland,46.1327,168.0184,117.7533
grassland,35.7343,182.8277,105.414
grassland,40.4846,212.9224,122.6872
grassland,46.3058,171.1717,115.1936
grassland,45.3845,204.9278,123.9762
grassland,44.219,210.6452,100.2433
grassland,37.2986,190.178,73.5557
grassland,44.7208,182.8395,85.964
grassland,43.0259,195.5622,102.8201
grassland,32.2883,188.7853,145.442
grassland,33.8564,223.2294,127.6758
grassland,40.4986,204.4689,111.6517
grassland,31.4534,184.3506,102.8546
grassland,39.3125,224.9232,140.5548
grassland,42.2545,226.5353,105.4136
grassland,38.7964,208.9409,161.2089
grassland,41.0344,203.0439,147.7906
grassland,37.0654,171.7195,117.8924
grassland,39.1509,197.1704,154.9676
grassland,45.774,216.3731,144.5484
grassland,42.9545,212.8241,147.4632
grassland,33.0384,191.926,95.1877
grassland,42.1861,197.4139,148.9364
grassland,40.5039,200.4286,124.8801
grassland,38.8465,203.6992,104.001
grassland,45.1899,197.9241,91.3432
grassland,37.3987,211.0183,129.4246
grassland,43.37,197.9517,139.9489
grassland,41.2582,210.3316,147.9528
grassland,34.276,200.109,118.868
grassland,33.574,196.3129,129.9789
grassland,39.9235,196.3634,158.3248
grassland,33.49,200.7627,129.3985
grassland,42.3353,209.0044,154.6616
grassland,43.6131,209.6911,113.8869
grassland,42.6187,190.7202,153.4167
grassland,39.5827,220.026,121.3426
home,28.5602,110.4772,139.9255
home,33.0977,70.4232,133.0123
home,55.8979,79.7669,122.0355
home,65.9424,63.2961,93.1975
home,55.0395,53.1399,96.0298
home,42.5439,90.0769,54.9284
home,41.4649,144.9207,68.9809
home,44.5433,105.2677,49.7103
home,17.8941,89.1352,128.0556
home,54.7546,73.8915,85.0683
home,46.2736,126.0253,74.1981
home,51.8575,128.4238,63.2114
home,52.3998,71.9304,83.2778
home,26.7359,75.1935,113.6498
home,52.9596,54.1873,91.2984
home,35.4096,64.5763,97.3938
home,40.8106,130.7392,71.3359
home,56.3951,113.5979,62.163
home,34.2113,124.6871,82.8661
home,48.4272,65.7805,73.7861
home,32.6019,131.6839,84.6303
home,22.5645,133.5656,115.7587
home,27.3679,102.5989,120.6081
home,33.0987,137.5373,72.2309
home,35.3428,127.0048,71.9051
home,25.8153,106.8251,115.7224
home,29.6901,131.9969,95.2822
home,23.6445,71.357,118.3995
home,61.8275,96.8893,74.113
home,55.5297,70.0092,137.0985
home,28.2856,116.7383,138.2781
home,28.971,141.8683,79.4058
home,64.9825,117.6282,66.6087
home,36.3788,96.8197,114.0116
home,31.2811,106.0784,118.1759
home,78.4479,98.3739,58.6832
home,42.9842,72.0985,66.7443
home,36.6191,74.5825,93.5671
home,36.916,64.9117,98.2517
home,28.2587,96.6196,102.2669
home,60.3644,117.4553,65.7164
home,28.1274,106.1641,146.032
home,50.6513,65.5156,72.0989
home,35.829,83.8069,108.61
home,36.0242,69.1927,132.1394
home,47.4236,106.4248,73.0086
home,73.6141,40.1449,94.8333
home,55.7214,66.2779,138.9117
home,36.0072,63.8496,98.5188
home,57.796,67.8956,120.1129
home,59.6442,77.0278,102.4834
home,27.9522,120.8892,148.3814
home,36.3897,127.2492,79.7927
home,63.9687,68.7754,100.6521
home,28.5392,95.1279,109.6554
lake,105.0214,233.173,148.5132
lake,83.6156,217.7226,129.0558
lake,83.0698,209.8201,146.5772
lake,99.3262,236.7647,159.2054
lake,106.5571,248.8488,161.3216
lake,102.4496,223.8849,126.5736
lake,81.4477,215.4976,117.9518
lake,99.3296,238.5151,167.2311
lake,101.7951,241.3581,177.437
lake,95.7281,223.0708,142.893
lake,103.4893,240.087,165.8097
lake,98.5689,227.9777,165.5335
lake,94.4556,233.7496,127.1465
lake,104.9315,240.8544,150.5349
lake,81.9048,209.8133,147.4035
lake,82.2906,214.3981,168.4785
lake,85.6995,199.454,114.5066
lake,107.9628,248.6387,180.3037
lake,103.8416,230.6495,123.1089
lake,104.0323,243.8372,168.7905
lake,77.4094,211.6051,119.732
lake,97.452,235.4972,125.057
lake,87.5575,217.8207,129.131
lake,97.5516,226.365,118.9815
lake,94.0153,228.5112,170.2831
lake,98.4103,232.7891,159.7548
lake,84.2121,221.331,137.1906
lake,98.0095,212.4395,139.3264
lake,101.0181,238.3786,142.8435
lake,103.4966,244.0111,167.1621
lake,83.4345,209.8292,137.8208
lake,104.6018,248.5729,188.1554
lake,83.0138,221.5974,137.1147
lake,102.5139,241.5119,156.9992
lake,82.7794,217.2113,134.8489
lake,102.0323,245.8902,161.0601
lake,100.2281,237.5637,176.6728
lake,100.351,247.1823,162.3494
lake,104.6182,244.225,157.5525
lake,96.7904,234.4574,143.5162
lake,106.5781,248.5305,161.755
lake,78.4102,212.1981,139.4249
lake,87.0154,199.4188,110.8282
lake,97.3088,226.2949,130.4839
lake,103.4128,232.7996,157.1247
lake,103.1382,239.8536,171.4446
lake,96.981,223.7702,145.7693
lake,81.407,208.5644,113.0849
lake,88.0563,213.1924,126.3905
lake,84.8937,207.7514,134.1608
lake,98.3495,234.6545,152.2708
lake,104.2565,226.4938,128.6405
lake,103.1155,231.2716,190.4039
lake,103.4167,240.2342,160.3775
lake,99.2387,231.449,171.2576
lake,101.0284,231.3553,127.5964
lake,107.5743,252.1204,166.9313
lake,102.4825,222.781,153.9305
lake,105.152,245.7672,180.4324
lake,102.9184,227.9783,134.3818
lake,100.4727,244.0441,148.7518
lake,101.7053,217.1777,112.8171
lake,82.754,218.705,150.3265
lake,104.5799,240.0405,161.8334
lake,98.1394,230.482,136.9369
lake,82.5529,216.3786,126.9434
lake,98.255,223.6908,181.8942
lake,103.5798,245.9009,160.1492
lake,101.4964,232.3855,131.5529
lake,99.6566,237.9157,150.1786
lake,101.9646,239.8914,176.1833
lake,84.4973,215.2043,126.5489
lake,105.8423,246.6289,147.4673
lake,104.6195,240.9691,149.7083
lake,83.2127,213.7494,145.2441
lake,82.1762,214.2533,130.4914
lake,87.3776,228.969,145.6348
lake,82.9916,211.6541,150.3974
lake,83.5654,212.4393,128.174
lake,80.3243,216.9348,124.2343
lake,98.0358,238.4163,162.246
lake,99.7465,239.746,168.9207
lake,103.2833,237.5862,171.2293
lake,103.6694,249.7112,161.7763
lake,104.5513,241.0614,150.0534
lake,102.515,244.6294,132.7167
lake,97.9729,236.3711,147.7458
lake,104.6408,250.1491,187.9205
lake,106.1686,247.1818,148.1644
lake,102.595,238.6078,154.2673
lake,99.2664,232.2776,150.2026
lake,85.1478,221.7138,148.3628
lake,78.9684,193.0165,146.2953
lake,100.9318,217.1316,178.7492
lake,82.0551,218.9134,138.0369
lake,86.3795,213.7946,128.4069
lake,93.4027,232.2754,172.0617
lake,93.0271,227.6782,138.7627
lake,83.2549,216.2041,126.2045
lake,97.0511,230.2996,129.2884
lake,107.6018,252.0428,167.3886
lake,98.1816,226.133,134.4417
lake,102.7255,226.5779,132.9921
lake,106.2465,248.2076,151.541
lake,97.0479,233.4193,158.6361
lake,86.172,225.9964,141.7718
lake,97.629,236.9959,168.572
lake,99.5908,209.5242,141.2823
lake,90.0889,225.4864,163.395
lake,82.3783,216.7446,168.6545
lake,105.7803,250.9027,147.698
lake,100.7907,228.9335,173.7119
lake,104.885,246.1832,176.0431
lake,99.0394,241.5934,163.1448
lake,99.112,229.0339,171.9174
lake,80.5339,206.8277,154.5808
lake,79.5686,215.6921,118.3973
lake,87.057,215.3863,142.0495
lake,105.695,232.9958,147.9336
lake,104.898,248.4161,181.5275
lake,99.8033,235.8088,159.9289
lake,85.3466,201.1486,108.1857
lake,74.9411,194.1593,157.4599
lake,106.5176,251.2146,150.3975
lake,91.5889,215.3501,122.1439
lake,102.5085,248.2107,154.8382
lake,102.8322,234.1581,170.8795
lake,85.6262,215.6142,165.9066
lake,87.6017,217.1026,137.4199
lake,99.7301,222.3127,190.2527
lake,79.9287,213.2313,164.5202
lake,96.4535,225.8529,118.5012
lake,75.1861,210.7365,162.8407
lake,103.5724,223.4694,129.2556
lake,88.6579,218.6277,143.0016
lake,103.3492,231.873,109.2842
lake,108.5097,247.9006,152.855
lake,104.4575,246.0115,191.9277
lake,74.473,211.3898,122.03
lake,86.1585,220.977,132.4275
lake,107.3395,242.6677,146.3226
lake,104.7036,240.6608,152.8229
lake,84.1689,204.2114,147.6107
lake,97.5953,240.2605,128.832
lake,104.5789,216.8297,126.7172
lake,82.0986,222.4611,120.3854
lake,82.0466,206.5035,115.9547
lake,82.9691,217.478,136.7086
lake,102.6652,245.8129,161.0511
lake,104.1773,245.5738,183.6431
lake,91.2232,188.5297,152.8037
lake,78.3135,213.0305,114.183
lake,81.8046,221.7485,127.4051
lake,96.0054,237.582,173.3305
lake,108.0553,249.3696,182.1813
lake,84.436,217.2301,114.1203
lake,101.7809,233.3193,158.1115
lake,96.3368,209.2902,144.9036
lake,102.1005,243.9526,154.5982
lake,104.6629,246.1356,180.2533
lake,93.169,230.0344,126.0192
lake,102.6536,237.3226,143.2125
lake,98.9467,242.3848,151.3203
lake,101.7334,240.0597,179.8257
lake,95.4469,226.5023,134.678
lake,97.2752,235.9574,127.9379
lake,86.0331,218.5152,129.1699
lake,106.1796,249.6794,151.1969
lake,85.3263,215.4005,124.6569
lake,85.5315,208.6445,124.961
lake,95.9527,239.4497,153.3419
lake,100.3391,231.7577,163.8983
lake,102.6603,237.4935,167.1651
lake,101.2162,234.0784,147.4233
lake,94.7252,225.1011,130.7253
lake,106.2635,245.433,178.7223
lake,86.5324,205.6999,114.4549
lake,105.2093,236.5265,136.1486
lake,104.6058,237.4798,188.8832
lake,81.6437,213.8625,114.0626
lake,102.4909,235.0239,174.6744
lake,99.9303,247.3078,164.3532
lake,97.0743,231.4197,143.4121
lake,81.7171,217.1624,115.2623
lake,102.7191,221.7127,152.5276
lake,99.3663,227.5855,183.0452
lake,108.619,251.0276,150.7405
lake,81.9075,219.9848,146.4293
lake,95.2839,232.9361,142.0236
lake,103.9252,238.3955,137.8456
lake,107.9364,252.6743,165.5152
lake,102.9329,233.8586,142.7189
lake,107.9922,246.2784,119.5233
lake,105.0118,242.6688,175.3709
lake,104.1852,230.8363,164.2509
lake,109.243,250.0914,145.1054
lake,96.9604,226.3569,177.491
lake,98.6836,243.2361,134.7218
lake,105.963,247.9759,188.8139
lake,97.6528,233.5097,146.3869
lake,100.8612,236.2764,188.3915
lake,107.6671,237.8695,146.1495
lake,103.5822,249.6976,164.8256
lake,80.5897,209.8124,172.6683
lake,87.0949,214.7608,108.1631
lake,81.9827,212.2809,146.7516
lake,88.2695,193.1349,148.3733
lake,76.3059,217.1252,128.6842
lake,81.0795,213.7213,128.6242
lake,105.5078,244.2844,142.6436
lake,82.7212,207.7956,159.5085
lake,80.8347,208.9211,129.0296
lake,99.9106,236.9552,180.0152
lake,108.446,238.3572,157.6263
lake,81.0435,211.8107,143.2199
lake,85.0649,209.0575,143.0536
lake,107.163,247.1173,147.1658
lake,100.8341,221.8601,191.0391
lake,87.7738,226.6222,144.8299
lake,101.3442,239.7326,146.3536
lake,103.3298,247.3725,163.3165
lake,103.6673,238.4825,166.5798
lake,105.3634,223.6351,121.3283
lake,94.138,237.3529,156.3532
lake,80.9548,220.019,124.5875
lake,108.3626,252.1414,154.0305
lake,102.3967,239.6973,166.0858
lake,86.5053,205.335,135.5358
lake,101.753,239.0805,116.083
lake,81.1569,210.8509,145.8677
lake,85.1227,224.4812,139.0261
lake,86.8786,222.3914,108.5686
lake,83.734,198.1641,151.1071
lake,107.7612,248.4885,166.0027
lake,99.4852,232.21,152.1692
lake,105.8768,243.8979,157.8427
lake,102.7276,221.8085,179.0939
lake,104.154,248.2895,173.0166
lake,100.549,232.8028,138.0546
lake,74.1898,196.5182,149.5285
lake,109.0766,250.9219,147.4707
lake,104.0811,246.5469,182.1407
lake,97.4637,235.5871,134.8571
lake,101.1919,247.2045,137.9318
lake,83.3353,211.4039,126.4988
lake,97.3856,223.746,178.9702
lake,103.4896,244.4433,137.7571
lake,77.0316,214.0144,165.2463
lake,84.2034,220.9412,160.5507
lake,100.2896,212.8661,146.8181
lake,87.143,223.8396,141.5471
lake,95.3527,222.812,109.093
lake,104.8081,249.7242,184.4802
lake,94.3807,232.3982,146.8199
lake,106.8288,249.197,147.3008
lake,83.6345,215.5875,129.2461
lake,103.9839,239.324,154.6628
lake,82.9253,207.0817,140.4461
lake,103.1172,234.5552,140.5808
lake,81.2163,212.1316,149.8576
lake,106.8127,245.7791,147.3424
lake,99.2239,238.6984,167.2605
mine,40.3325,116.6394,59.467
mine,49.1475,72.4728,50.3317
mine,34.6017,106.3606,83.7887
mine,50.7985,69.4876,43.5013
mine,60.9668,104.0638,59.5862
mine,46.2547,99.5367,66.3457
mine,41.6246,92.8561,50.43
mine,44.7396,69.1809,44.5611
mine,31.593,113.1946,80.0343
mine,49.7611,66.1645,46.7319
mine,34.6136,124.1545,50.9571
mine,26.5861,133.3027,76.5142
mine,29.8934,135.6585,59.6385
mine,44.1072,79.0328,44.7613
mine,48.022,92.5819,46.8292
mine,35.5987,94.5229,53.25
mine,38.954,81.4633,67.1512
mine,28.6152,120.8791,74.8266
mine,51.4055,84.3853,54.5654
mine,29.0859,134.8246,77.9369
mine,47.0449,98.8869,56.7378
mine,43.508,96.8285,51.6467
mine,32.5558,107.7608,79.6788
mine,40.5922,102.5968,60.197
mine,40.9462,95.0037,65.3427
mine,57.9104,63.0966,48.7263
mine,37.2402,106.5635,78.1704
mine,43.2036,112.7174,67.8574
mine,32.1827,106.5397,63.9784
mine,28.9983,113.6333,79.8493
mine,40.3953,111.3181,65.3807
mine,34.7443,119.9457,56.2864
mine,30.4057,125.9119,75.9065
mine,31.5535,89.5381,71.6881
mine,39.0038,113.6012,66.4054
mine,33.5659,104.4991,57.335
mine,47.856,98.5409,59.2825
mine,58.11,59.3005,46.6314
mine,31.1693,121.6344,51.8652
mine,54.5618,68.9822,52.166
mine,42.2154,100.8715,54.0151
mine,47.0801,72.6809,48.39
mine,55.0579,86.7573,60.6722
mine,52.3009,94.3911,51.4024
mine,30.0804,125.2495,71.9897
mine,53.2554,75.3898,50.0956
mine,51.2224,96.8825,52.7262
mine,50.4594,114.7426,84.4859
mine,30.3854,126.417,75.1342
mine,48.6436,98.0677,53.8154
mine,45.354,118.2903,77.8356
mine,34.6179,89.3052,67.7937
mine,32.7576,126.6585,51.9786
mine,41.0963,79.8147,64.136
mine,31.9571,85.5254,65.5528
mine,29.6879,121.2375,79.0908
mine,39.4901,150.4003,78.8735
mine,28.9244,135.2808,64.12
mine,40.9786,128.619,67.5959
mine,48.5063,98.4718,50.0344
mine,46.8278,97.2287,55.7856
mine,29.5911,125.4147,91.2622
mine,34.0858,96.1287,67.812
mine,30.9468,124.4157,74.6298
mine,50.5659,81.3436,50.2716
mine,42.4726,112.3264,64.6378
mine,34.4808,83.7354,61.1143
mine,46.0532,98.133,55.5719
mine,40.6628,79.6844,45.3742
mine,43.9056,92.902,54.812
mine,30.4948,89.7343,69.9993
mine,29.1682,146.773,78.2237
mine,36.009,109.9165,67.9997
mine,34.3134,113.1999,52.5171
mine,31.8057,119.6407,90.7138
mine,52.2433,89.561,54.4316
mine,33.0987,105.513,66.7197
mine,27.7937,115.1591,79.0345
mine,46.05,87.8682,52.3196
mine,47.3486,57.2281,45.7067
mine,34.556,123.6271,71.8502
mine,28.3604,120.0166,51.1162
mine,39.1233,108.4545,67.5036
mine,33.6676,105.4589,60.1186
none,18.7183,187.689,128.1367
none,20.9558,212.5555,111.0583
none,20.6347,209.0328,120.918
none,20.8645,199.1419,153.003
none,18.7173,203.0692,128.317
none,21.1283,197.8493,140.3804
none,20.3939,201.6675,148.5556
none,23.524,207.2547,137.4861
none,20.8661,165.9163,155.9405
none,20.9953,201.9041,142.3827
none,21.3928,163.4532,152.4412
none,20.7379,195.6136,139.9863
none,20.432,210.4944,121.4268
none,26.9141,129.6447,169.4422
none,20.8831,201.5915,153.5464
none,20.5622,216.1421,114.5804
none,18.4977,171.3357,127.2061
none,20.4125,202.3181,148.5514
none,18.4191,188.0742,129.9419
none,20.7786,166.7311,157.7649
none,21.5975,164.7204,154.9264
none,20.6717,199.2592,145.2444
none,21.1441,201.9884,145.2991
none,25.277,110.2854,182.5587
none,22.6802,125.4165,173.1417
none,24.3115,205.9973,140.125
none,26.8815,111.5627,180.5388
none,20.7995,198.0388,143.2196
swamp,21.1506,157.8679,123.6069
swamp,20.9552,87.8511,100.2745
swamp,23.7581,134.5327,118.9327
swamp,20.1137,158.7524,74.057
swamp,25.3593,134.8767,106.0355
swamp,25.3155,141.7753,102.6813
swamp,21.7397,133.3472,85.7869
swamp,23.4857,68.9851,89.477
swamp,21.7519,100.6561,84.2314
swamp,25.3924,117.1441,106.7516
swamp,27.4662,138.2631,80.1803
swamp,18.8517,119.8391,106.0519
swamp,23.3398,145.8011,119.1151
swamp,22.1786,136.7622,124.519
swamp,25.3104,116.6604,90.1224
swamp,25.105,72.6814,132.3186
swamp,24.4301,110.5906,124.3701
swamp,22.3033,78.3705,89.5002
swamp,22.6089,104.7964,90.4405
swamp,22.8414,131.2594,115.4294
swamp,25.7611,116.6418,102.9965
swamp,23.845,128.3203,114.8478
swamp,23.4667,115.2696,131.9823
swamp,28.7169,109.0299,80.4688
swamp,24.8347,114.4899,90.0174
swamp,25.1282,134.1843,83.2193
swamp,23.1853,52.8352,93.6712
swamp,20.7455,166.3393,73.8972
swamp,24.2645,138.8007,117.6143
swamp,25.2381,84.4958,108.8012
swamp,24.1889,99.7541,122.9258
swamp,24.7192,151.8225,82.7153
swamp,25.3146,151.0821,99.1247
swamp,23.9619,33.0022,105.3183
swamp,23.9685,125.1569,98.4476
swamp,20.835,89.8041,103.2674
swamp,23.2179,126.0308,126.0819
swamp,21.681,81.4868,77.2486
swamp,25.791,135.1221,89.2397
swamp,29.8449,98.9846,87.5145
swamp,24.4549,94.2602,85.0625
swamp,24.3891,134.6245,111.7854
swamp,23.6735,130.9148,96.3389
swamp,25.2225,124.4537,77.8113
swamp,22.8971,124.0891,86.0508
swamp,20.7332,151.05,125.0531
swamp,23.8985,139.3462,117.4998
swamp,25.1321,123.6302,121.9908
swamp,20.334,157.9822,85.7401
swamp,23.651,145.423,105.7147
swamp,21.6373,166.0138,120.3922
swamp,23.5096,139.3717,119.4004
swamp,21.7327,102.8074,80.3385
swamp,21.9029,153.7126,104.9907
swamp,23.7077,132.7566,107.1856
swamp,19.3944,140.8378,84.0306
swamp,20.5982,114.2608,89.5068
swamp,24.6087,149.7635,118.8016
swamp,21.9929,125.5732,126.186
swamp,23.2888,115.41,78.7538
swamp,24.977,116.4079,123.0471
swamp,23.8501,149.689,113.4016
swamp,24.4151,66.2557,132.5599
swamp,23.8601,122.2341,116.0598
swamp,23.6163,140.0336,110.541
swamp,23.1351,136.6444,114.2157
swamp,23.0811,124.4335,130.2438
swamp,24.7498,130.6667,72.2139
swamp,27.9954,78.6386,132.0503
swamp,22.1875,164.6013,106.7374
swamp,25.815,66.7155,91.102
swamp,35.2614,69.2543,85.7241
swamp,22.6206,108.8993,135.195
swamp,24.6677,133.5091,77.658
swamp,20.5954,91.0174,91.5189
swamp,25.9399,132.0908,98.3075
swamp,20.6165,153.1086,86.1841
swamp,23.6043,151.9023,87.3785
swamp,21.9624,109.4836,81.424
swamp,23.7261,116.5571,78.9442
swamp,20.6624,63.5766,105.301
swamp,24.6864,136.7898,94.226
swamp,24.7964,113.3153,109.5005
swamp,23.7315,134.1788,76.1163
swamp,23.005,124.308,122.7146
swamp,28.3413,112.1713,93.1299
swamp,20.9239,88.2104,74.7638
swamp,22.3655,180.1299,99.3245
swamp,26.1099,119.0443,115.4998
swamp,25.7012,114.6187,109.0208
swamp,26.7676,65.6368,78.3717
swamp,26.1976,112.8386,110.9943
swamp,38.3629,124.0476,75.9135
swamp,23.8142,134.8082,109.7321
swamp,25.7418,85.1314,115.6709
swamp,22.9985,132.7583,84.7717
swamp,24.1201,123.2476,76.3619
swamp,25.0378,170.9698,91.7782
swamp,24.3654,139.2506,91.4742
swamp,24.0052,145.2634,115.704
swamp,25.8907,111.3717,114.074
swamp,23.1502,74.1184,77.0911
swamp,22.1197,85.2648,92.8561
swamp,26.6648,137.062,76.1548
swamp,20.5977,145.2239,93.2079
swamp,21.8378,109.1949,79.3935
swamp,17.54,135.8005,89.2702
swamp,23.4694,127.9296,102.4037
swamp,23.7861,128.2474,131.351
swamp,24.5162,153.6771,102.7741
swamp,25.1651,126.0841,123.1922
swamp,23.9466,105.6606,127.3271
swamp,23.0679,146.4197,95.1309
swamp,21.6457,57.6816,98.5633
swamp,24.6423,136.2695,102.383
swamp,29.139,123.1207,106.6172
swamp,21.846,153.9802,108.1528
swamp,25.2096,104.8375,122.7314
swamp,26.3095,63.1259,87.3559
swamp,24.0472,130.8668,105.2762
swamp,26.3825,135.7388,117.3704
swamp,22.3097,84.6828,77.613
swamp,26.4088,100.959,87.4739
swamp,21.9564,169.5934,120.9823
swamp,24.1548,151.3897,115.3216
swamp,22.2048,162.0562,114.7219
swamp,24.2719,152.5753,119.6716
swamp,20.0884,148.4063,100.6972
swamp,22.9974,108.5249,77.3316
swamp,23.5405,93.8098,75.7701
swamp,26.0551,78.983,133.9698
swamp,23.7347,141.0301,109.8863
swamp,22.02,123.0238,89.2871
swamp,21.4522,50.2824,96.2269
swamp,24.9671,151.6893,80.8809
swamp,24.9783,105.6306,87.0146
swamp,24.9855,140.8336,110.5439
swamp,24.0305,84.3955,77.3527
swamp,22.1652,132.2547,75.7967
swamp,24.5189,132.1856,92.4499
swamp,18.2252,117.571,111.6919
swamp,22.2914,46.9187,92.3292
